{
  "getAllUserGrants" : {
    "transaction" : "getAllUserGrants",
    "sampleCount" : 180,
    "errorCount" : 1,
    "errorPct" : 0.5555556,
    "meanResTime" : 873.1833333333335,
    "medianResTime" : 428.5,
    "minResTime" : 163.0,
    "maxResTime" : 32652.0,
    "pct1ResTime" : 1505.6000000000001,
    "pct2ResTime" : 2292.0,
    "pct3ResTime" : 9925.829999999936,
    "throughput" : 0.8809063547605648,
    "receivedKBytesPerSec" : 0.921405489147723,
    "sentKBytesPerSec" : 2.3321651638241123
  },
  "getProjectNav" : {
    "transaction" : "getProjectNav",
    "sampleCount" : 180,
    "errorCount" : 0,
    "errorPct" : 0.0,
    "meanResTime" : 1808.6611111111085,
    "medianResTime" : 1389.5,
    "minResTime" : 392.0,
    "maxResTime" : 10761.0,
    "pct1ResTime" : 3057.9,
    "pct2ResTime" : 4476.399999999995,
    "pct3ResTime" : 10514.759999999998,
    "throughput" : 0.8794945837791883,
    "receivedKBytesPerSec" : 5.205475166798591,
    "sentKBytesPerSec" : 2.3498995910350184
  },
  "Total" : {
    "transaction" : "Total",
    "sampleCount" : 900,
    "errorCount" : 56,
    "errorPct" : 6.2222223,
    "meanResTime" : 23671.56000000001,
    "medianResTime" : 1445.0,
    "minResTime" : 163.0,
    "maxResTime" : 136824.0,
    "pct1ResTime" : 110688.1,
    "pct2ResTime" : 121381.45,
    "pct3ResTime" : 133009.9,
    "throughput" : 4.100078357053046,
    "receivedKBytesPerSec" : 1943.325830522122,
    "sentKBytesPerSec" : 9.092244075386773
  },
  "getNavigations" : {
    "transaction" : "getNavigations",
    "sampleCount" : 180,
    "errorCount" : 0,
    "errorPct" : 0.0,
    "meanResTime" : 2804.1777777777775,
    "medianResTime" : 739.5,
    "minResTime" : 289.0,
    "maxResTime" : 28539.0,
    "pct1ResTime" : 8030.200000000001,
    "pct2ResTime" : 9503.75,
    "pct3ResTime" : 18258.47999999997,
    "throughput" : 1.685630004214075,
    "receivedKBytesPerSec" : 92.63445898885611,
    "sentKBytesPerSec" : 4.456055099030763
  },
  "getAllModules" : {
    "transaction" : "getAllModules",
    "sampleCount" : 180,
    "errorCount" : 55,
    "errorPct" : 30.555555,
    "meanResTime" : 101275.07222222224,
    "medianResTime" : 110684.5,
    "minResTime" : 5402.0,
    "maxResTime" : 136824.0,
    "pct1ResTime" : 129677.0,
    "pct2ResTime" : 133001.5,
    "pct3ResTime" : 136135.5,
    "throughput" : 0.8340592738123923,
    "receivedKBytesPerSec" : 1922.0858904755644,
    "sentKBytesPerSec" : 2.1951071708246066
  },
  "Login" : {
    "transaction" : "Login",
    "sampleCount" : 180,
    "errorCount" : 0,
    "errorPct" : 0.0,
    "meanResTime" : 11596.705555555556,
    "medianResTime" : 1192.0,
    "minResTime" : 402.0,
    "maxResTime" : 43558.0,
    "pct1ResTime" : 32724.600000000002,
    "pct2ResTime" : 37525.45,
    "pct3ResTime" : 42948.07,
    "throughput" : 2.089791369161645,
    "receivedKBytesPerSec" : 7.206900411282552,
    "sentKBytesPerSec" : 1.0306100013931943
  }
}